Product Name,brand,details,Price,Old Price,image URL,is_from_official_store,items_left
"Vitron HTC3200S, 32"" Smart Frameless Android LED TV, With Bluetooth, (1YR WRTY)",,,"KSh 10,878","KSh 13,846","data:image/gif;base64,R0lGODlhAQABAIAAAAAAAP///yH5BAEAAAAALAAAAAABAAEAAAIBRAA7",True,84 items left
"Vitron V527 - 2.1 CH Multimedia Speaker, BT/USB/SD/FM - 9000W (1YR WRTY)",,,"KSh 5,399","KSh 6,607","data:image/gif;base64,R0lGODlhAQABAIAAAAAAAP///yH5BAEAAAAALAAAAAABAAEAAAIBRAA7",True,89 items left
"Vitron HTC4388FS - 43"" Smart  Android Frameless TV - Black (1YR WRTY)",,,"KSh 17,913","KSh 28,599","data:image/gif;base64,R0lGODlhAQABAIAAAAAAAP///yH5BAEAAAAALAAAAAABAAEAAAIBRAA7",True,90 items left
Nunix 2 In 1 Blender With Grinding Machine 1.5 Ltrs Model AK-100,,,"KSh 1,630","KSh 1,892","data:image/gif;base64,R0lGODlhAQABAIAAAAAAAP///yH5BAEAAAAALAAAAAABAAEAAAIBRAA7",True,77 items left
Qwen 64Gb Memory Card High Speed For Mobile Phone,,,KSh 550,KSh 990,"data:image/gif;base64,R0lGODlhAQABAIAAAAAAAP///yH5BAEAAAAALAAAAAABAAEAAAIBRAA7",True,99 items left
"Softcare Premium Soft Diaper High Count Junior, Size XL, 36 Count",,,KSh 807,NaN,"data:image/gif;base64,R0lGODlhAQABAIAAAAAAAP///yH5BAEAAAAALAAAAAABAAEAAAIBRAA7",True,10 items left
"Sonar 2L Cordless Electric Kettle ,1500W Energy Efficient , 1 .5m Power Cord 1YR WRTY",,,KSh 633,KSh 800,"data:image/gif;base64,R0lGODlhAQABAIAAAAAAAP///yH5BAEAAAAALAAAAAABAAEAAAIBRAA7",True,76 items left
Rashnik Manual Water Dispenser Pump,,,KSh 275,KSh 313,"data:image/gif;base64,R0lGODlhAQABAIAAAAAAAP///yH5BAEAAAAALAAAAAABAAEAAAIBRAA7",True,100 items left
"Sonar Stainless Steel 1.8Ltr Electric Kettle,1.5m Power Cord,1500W Fast Boil 1YR WRTY",,,KSh 523,KSh 749,"data:image/gif;base64,R0lGODlhAQABAIAAAAAAAP///yH5BAEAAAAALAAAAAABAAEAAAIBRAA7",True,78 items left
UNCOVER Argan Hydrating Moisturiser,,,"KSh 1,899","KSh 2,100","data:image/gif;base64,R0lGODlhAQABAIAAAAAAAP///yH5BAEAAAAALAAAAAABAAEAAAIBRAA7",True,25 items left
Sosoft Fabric Softener Vanilla Essence - 750ml,,,KSh 243,NaN,"data:image/gif;base64,R0lGODlhAQABAIAAAAAAAP///yH5BAEAAAAALAAAAAABAAEAAAIBRAA7",False,18 items left
Nunix 3 Column Portable Wardrobe - 88130 Red Wine Cover,,,"KSh 1,913","KSh 2,144","data:image/gif;base64,R0lGODlhAQABAIAAAAAAAP///yH5BAEAAAAALAAAAAABAAEAAAIBRAA7",True,100 items left
"VILLAON V101 1.77"" Kabambe, Wireless FM, Camera, Bright Touch, Facebook, 1000mAh (Dual Sim)  (1YR WRTY)",,,KSh 670,KSh 852,"data:image/gif;base64,R0lGODlhAQABAIAAAAAAAP///yH5BAEAAAAALAAAAAABAAEAAAIBRAA7",True,76 items left
Nunix Hair Red Blow Dryer With Beauty Accessories HD-01,,,KSh 781,KSh 883,"data:image/gif;base64,R0lGODlhAQABAIAAAAAAAP///yH5BAEAAAAALAAAAAABAAEAAAIBRAA7",True,100 items left
L'Oreal GLYCOLIC BRIGHT INSTANT GLOWING SERUM 30ML,,,"KSh 1,380","KSh 2,300","data:image/gif;base64,R0lGODlhAQABAIAAAAAAAP///yH5BAEAAAAALAAAAAABAAEAAAIBRAA7",True,32 items left
Exe Exe All Purpose Flour 2kg,,,KSh 170,KSh 185,"data:image/gif;base64,R0lGODlhAQABAIAAAAAAAP///yH5BAEAAAAALAAAAAABAAEAAAIBRAA7",True,59 items left
"Garnier Skin Active Pure Active Intensive 3 In1 Charcoal Anti-Blackhead Wash For Acne Prone Skin And Blackheads, 150ml",,,KSh 786,"KSh 1,345","data:image/gif;base64,R0lGODlhAQABAIAAAAAAAP///yH5BAEAAAAALAAAAAABAAEAAAIBRAA7",True,98 items left
Amtec AM-02 2.1CH Multimedia Speaker BT/USB/SD/FM (1YR WRTY),,,"KSh 6,607",NaN,"data:image/gif;base64,R0lGODlhAQABAIAAAAAAAP///yH5BAEAAAAALAAAAAABAAEAAAIBRAA7",True,97 items left
KISSKIDS Mini Pack Baby Diaper High Count Size 2 (3 - 6 Kg) 50 Pcs,,,KSh 459,KSh 503,"data:image/gif;base64,R0lGODlhAQABAIAAAAAAAP///yH5BAEAAAAALAAAAAABAAEAAAIBRAA7",True,70 items left
Menengai Menengai Cream Bar Soap - 1kg,,,KSh 215,KSh 230,"data:image/gif;base64,R0lGODlhAQABAIAAAAAAAP///yH5BAEAAAAALAAAAAABAAEAAAIBRAA7",True,100 items left
"Oale A70 - 5.5"" 32GB ROM 3GB RAM 8MP 3050mAh 3G - Black  (1YR WRTY)",,,"KSh 4,999","KSh 20,000","data:image/gif;base64,R0lGODlhAQABAIAAAAAAAP///yH5BAEAAAAALAAAAAABAAEAAAIBRAA7",True,46 items left
Ramtons RM/399-corded Electric Kettle 1.7 Ltrs- White (1YR WRTY),,,"KSh 1,039","KSh 1,870","data:image/gif;base64,R0lGODlhAQABAIAAAAAAAP///yH5BAEAAAAALAAAAAABAAEAAAIBRAA7",True,100 items left
"Starlink Mini kit : High-Speed, Low-Latency Internet, Wi-Fi 5",,,"KSh 27,000",NaN,"data:image/gif;base64,R0lGODlhAQABAIAAAAAAAP///yH5BAEAAAAALAAAAAABAAEAAAIBRAA7",True,30 items left
"Infinix Smart 9 HD, 6.7"", 64GB + 3GB RAM (Dual SIM), 5000mAh, Metallic Black (1YR WRTY)",,,"KSh 8,495","KSh 12,446","data:image/gif;base64,R0lGODlhAQABAIAAAAAAAP///yH5BAEAAAAALAAAAAABAAEAAAIBRAA7",True,93 items left
Solid Color Sexy Slim Peach Hip Halter Summer Dress,,,KSh 679,"KSh 1,500","data:image/gif;base64,R0lGODlhAQABAIAAAAAAAP///yH5BAEAAAAALAAAAAABAAEAAAIBRAA7",False,6 items left
Nice & Lovely Lemon 360ml lotion (Twin Pack),,,KSh 413,KSh 590,"data:image/gif;base64,R0lGODlhAQABAIAAAAAAAP///yH5BAEAAAAALAAAAAABAAEAAAIBRAA7",True,16 items left
Low-Waist Panties 5Pcs Sexy Lingerie Cotton Solid Color Breathable Seamless  Women's Underwear,,,KSh 699,"KSh 1,000","data:image/gif;base64,R0lGODlhAQABAIAAAAAAAP///yH5BAEAAAAALAAAAAABAAEAAAIBRAA7",False,99 items left
NIVEA Nourishing Cocoa Body Lotion With Cocoa Butter 400ml (Pack Of 2),,,KSh 960,"KSh 1,280","data:image/gif;base64,R0lGODlhAQABAIAAAAAAAP///yH5BAEAAAAALAAAAAABAAEAAAIBRAA7",True,100 items left
Nunix 3 Column Portable Wardrobe - 88130 Brown  Cover,,,"KSh 1,913","KSh 2,144","data:image/gif;base64,R0lGODlhAQABAIAAAAAAAP///yH5BAEAAAAALAAAAAABAAEAAAIBRAA7",True,100 items left
NIVEA UV Face Shine Control Cream SPF 50 - 50ml,,,"KSh 1,040","KSh 1,300","data:image/gif;base64,R0lGODlhAQABAIAAAAAAAP///yH5BAEAAAAALAAAAAABAAEAAAIBRAA7",True,100 items left
"Z60 Ultra 9 In1 Smart Watch,49MM Display, Raise Hand Wake Up, Bluetooth Calling",,,"KSh 2,999","KSh 4,999","data:image/gif;base64,R0lGODlhAQABAIAAAAAAAP///yH5BAEAAAAALAAAAAABAAEAAAIBRAA7",False,75 items left
NIVEA Radiant & Beauty Advanced Care Lotion For Women - 400ml (Pack Of 2),,,"KSh 1,095","KSh 1,460","data:image/gif;base64,R0lGODlhAQABAIAAAAAAAP///yH5BAEAAAAALAAAAAABAAEAAAIBRAA7",True,95 items left
Daawat Deli Basmati Rice 2KG,,,KSh 695,NaN,"data:image/gif;base64,R0lGODlhAQABAIAAAAAAAP///yH5BAEAAAAALAAAAAABAAEAAAIBRAA7",True,21 items left
"Rexona Rexona women Roll-on , 72hr Anti-perspirant , Cotton dry ,50ML",,,KSh 395,NaN,"data:image/gif;base64,R0lGODlhAQABAIAAAAAAAP///yH5BAEAAAAALAAAAAABAAEAAAIBRAA7",True,75 items left
VERSMAN Cool Lotion - 200ml,,,KSh 310,NaN,"data:image/gif;base64,R0lGODlhAQABAIAAAAAAAP///yH5BAEAAAAALAAAAAABAAEAAAIBRAA7",True,9 items left
Vaseline Aloe Soothe Intensive Care Moisturizing Body Lotion - 200ml,,,KSh 310,NaN,"data:image/gif;base64,R0lGODlhAQABAIAAAAAAAP///yH5BAEAAAAALAAAAAABAAEAAAIBRAA7",True,86 items left
Rashnik TV Wall Mount TV Stand For 26” -  63”,,,KSh 299,NaN,"data:image/gif;base64,R0lGODlhAQABAIAAAAAAAP///yH5BAEAAAAALAAAAAABAAEAAAIBRAA7",True,86 items left
TCL V6B 55-Inch 4K HDR TV - Black,,,"KSh 60,000",NaN,"data:image/gif;base64,R0lGODlhAQABAIAAAAAAAP///yH5BAEAAAAALAAAAAABAAEAAAIBRAA7",True,1 item left
"Starlink Standard Kit: High-Speed, Low-Latency Internet with Gen 3 Router, Wi-Fi 6",,,"KSh 39,999","KSh 69,999","data:image/gif;base64,R0lGODlhAQABAIAAAAAAAP///yH5BAEAAAAALAAAAAABAAEAAAIBRAA7",True,89 items left
"Maybelline Lifter Gloss Hydrating Lip Gloss With Hyaluronic Acid, Ice",,,"KSh 1,200","KSh 1,250","data:image/gif;base64,R0lGODlhAQABAIAAAAAAAP///yH5BAEAAAAALAAAAAABAAEAAAIBRAA7",True,16 items left
"VILLAON V101 1.77"" Kabambe, Wireless FM, Camera, Bright Touch, Facebook, 1000mAh (Dual Sim)  (1YR WRTY)",,,KSh 670,KSh 852,"data:image/gif;base64,R0lGODlhAQABAIAAAAAAAP///yH5BAEAAAAALAAAAAABAAEAAAIBRAA7",True,100 items left
XIAOMI Redmi 14C 6.88'' 8GB RAM + 256GB ROM Android 14 Dual SIM +  SW BD PB,,,"KSh 15,099","KSh 30,000","data:image/gif;base64,R0lGODlhAQABAIAAAAAAAP///yH5BAEAAAAALAAAAAABAAEAAAIBRAA7",False,99 items left
ALagzi 2024 Women's New Classic Fashion Sports Casual Shoes - Pink,,,KSh 550 - KSh 590,"KSh 842 - KSh 1,053","data:image/gif;base64,R0lGODlhAQABAIAAAAAAAP///yH5BAEAAAAALAAAAAABAAEAAAIBRAA7",False,52 items left
"Mythco 3/4” Wood Gluing Pipe Clamp Set For Woodworking, DIY Projects",,,KSh 799,"KSh 1,763","data:image/gif;base64,R0lGODlhAQABAIAAAAAAAP///yH5BAEAAAAALAAAAAABAAEAAAIBRAA7",False,63 items left
Garnier Even & Matte Vitamin C Sunscreen SPF30 50ml,,,KSh 787,"KSh 1,250","data:image/gif;base64,R0lGODlhAQABAIAAAAAAAP///yH5BAEAAAAALAAAAAABAAEAAAIBRAA7",True,100 items left
Garnier Even & Matte Vitamin  C Booster Serum 30ml.,,,"KSh 1,033","KSh 1,750","data:image/gif;base64,R0lGODlhAQABAIAAAAAAAP///yH5BAEAAAAALAAAAAABAAEAAAIBRAA7",True,100 items left
VIC Mini WIFI Cemera 1080P HD Wireless Security CCTV,,,KSh 770,"KSh 1,826","data:image/gif;base64,R0lGODlhAQABAIAAAAAAAP///yH5BAEAAAAALAAAAAABAAEAAAIBRAA7",False,20 items left
"Garnier Skin Active Pure Active Intensive 3 In1 Charcoal Anti-Blackhead Wash For Acne Prone Skin And Blackheads, 150ml",,,KSh 786,"KSh 1,345","data:image/gif;base64,R0lGODlhAQABAIAAAAAAAP///yH5BAEAAAAALAAAAAABAAEAAAIBRAA7",True,100 items left
ARHANORY Ladies Long Wallet Coin Purse Women Tri-fold Phone Bag Card Holder - Black,,,KSh 229,KSh 449,"data:image/gif;base64,R0lGODlhAQABAIAAAAAAAP///yH5BAEAAAAALAAAAAABAAEAAAIBRAA7",False,100 items left
STY Men Laptop Backpack Business Bag Set Rucksack Travel Bag With USB Jack-Grey,,,KSh 899,"KSh 1,745","data:image/gif;base64,R0lGODlhAQABAIAAAAAAAP///yH5BAEAAAAALAAAAAABAAEAAAIBRAA7",False,100 items left
"Hisense 43"" Inch,A4 Smart TV,FRAMELESS,DOLBY AUDIO,NETFLIX+BRACKET+TV POWER GUARD",,,"KSh 26,990","KSh 60,000","data:image/gif;base64,R0lGODlhAQABAIAAAAAAAP///yH5BAEAAAAALAAAAAABAAEAAAIBRAA7",False,100 items left
Wireless Invisible Sleep Earbuds Hidden Earpods Small Tiny Mini Earphone,,,"KSh 1,248","KSh 2,466","data:image/gif;base64,R0lGODlhAQABAIAAAAAAAP///yH5BAEAAAAALAAAAAABAAEAAAIBRAA7",False,23 items left
"Starlink Mini kit : High-Speed, Low-Latency Internet, Wi-Fi 5",,,"KSh 27,000",NaN,"data:image/gif;base64,R0lGODlhAQABAIAAAAAAAP///yH5BAEAAAAALAAAAAABAAEAAAIBRAA7",True,30 items left
Simple Kind To Skin Soothing Toner 200ml,,,KSh 770,"KSh 1,099","data:image/gif;base64,R0lGODlhAQABAIAAAAAAAP///yH5BAEAAAAALAAAAAABAAEAAAIBRAA7",True,34 items left
Home Gym/ Commercial Electric Auto Incline Treadmill Fitness Equipment With Free Dumbbells,,,"KSh 92,999","KSh 180,000","data:image/gif;base64,R0lGODlhAQABAIAAAAAAAP///yH5BAEAAAAALAAAAAABAAEAAAIBRAA7",False,100 items left
"Infinix Smart 9 HD, 6.7"", 64GB + 3GB RAM (Dual SIM), 5000mAh, Metallic Black (1YR WRTY)",,,"KSh 8,495","KSh 12,446","data:image/gif;base64,R0lGODlhAQABAIAAAAAAAP///yH5BAEAAAAALAAAAAABAAEAAAIBRAA7",True,100 items left
Cosrx ACNE PIMPLE MASTER PATCH (2sets),,,"KSh 1,600","KSh 2,400","data:image/gif;base64,R0lGODlhAQABAIAAAAAAAP///yH5BAEAAAAALAAAAAABAAEAAAIBRAA7",True,7 items left
Rexona Antiperspirant Deodorant Roll On Quantum - 50ml,,,KSh 311,KSh 395,"data:image/gif;base64,R0lGODlhAQABAIAAAAAAAP///yH5BAEAAAAALAAAAAABAAEAAAIBRAA7",True,7 items left
STY Women Plaid Shoulder Bag Ladies Fabric Bags Beige Bag Canvas Handbags,,,KSh 699,"KSh 1,299","data:image/gif;base64,R0lGODlhAQABAIAAAAAAAP///yH5BAEAAAAALAAAAAABAAEAAAIBRAA7",False,100 items left
"HP EliteBook 840 G6-8th Gen -Core I5, 16GB RAM, 256GB-SSD-Refurbished-14""- Silver-Win  (6 Months WRTY)",,,"KSh 29,999","KSh 36,000","data:image/gif;base64,R0lGODlhAQABAIAAAAAAAP///yH5BAEAAAAALAAAAAABAAEAAAIBRAA7",False,31 items left
Jacob's Creek Jacob's Creek Sparkling Rose - 750ml,,,"KSh 1,614","KSh 1,921","data:image/gif;base64,R0lGODlhAQABAIAAAAAAAP///yH5BAEAAAAALAAAAAABAAEAAAIBRAA7",True,32 items left
VERSMAN Versman Dapper 50ml Roll On,,,KSh 288,KSh 360,"data:image/gif;base64,R0lGODlhAQABAIAAAAAAAP///yH5BAEAAAAALAAAAAABAAEAAAIBRAA7",True,25 items left
TCL V6B 43-Inch 4K HDR TV - Black,,,"KSh 29,399","KSh 36,264","data:image/gif;base64,R0lGODlhAQABAIAAAAAAAP///yH5BAEAAAAALAAAAAABAAEAAAIBRAA7",True,23 items left
Men's Sports Casual Oxford Cloth Crossbody Bag Shoulder Bag Gray,,,KSh 488,KSh 756,"data:image/gif;base64,R0lGODlhAQABAIAAAAAAAP///yH5BAEAAAAALAAAAAABAAEAAAIBRAA7",False,100 items left
Valon Valon Petroleum Jelly Perfumed 240ml,,,KSh 123,KSh 304,"data:image/gif;base64,R0lGODlhAQABAIAAAAAAAP///yH5BAEAAAAALAAAAAABAAEAAAIBRAA7",True,14 items left
Women PU Leather Handbags Big Capacity Tote Bags Shoulder Bag Shopper Bags,,,KSh 599,KSh 826,"data:image/gif;base64,R0lGODlhAQABAIAAAAAAAP///yH5BAEAAAAALAAAAAABAAEAAAIBRAA7",False,12 items left
Rashnik RN-1446 2layer Blue 1000ml Lunch Box.,,,KSh 525,KSh 650,"data:image/gif;base64,R0lGODlhAQABAIAAAAAAAP///yH5BAEAAAAALAAAAAABAAEAAAIBRAA7",True,17 items left
Soko Maize Meal – 10Kg,,,KSh 779,KSh 825,"data:image/gif;base64,R0lGODlhAQABAIAAAAAAAP///yH5BAEAAAAALAAAAAABAAEAAAIBRAA7",True,40 items left
Nice & Lovely Olive Heat Protect Hair Food 300ml,,,KSh 262,KSh 430,"data:image/gif;base64,R0lGODlhAQABAIAAAAAAAP///yH5BAEAAAAALAAAAAABAAEAAAIBRAA7",True,15 items left
"Samsung GALAXY A16, 6.7'' HD+, 4GB RAM + 128GB ROM, DUAL SIM, 50MP, 5000mAh  COMES WITH FREE GIFTS ( AIRPODS + SMART WATCH +POWERBANK ) FOR YOU",,,"KSh 17,699","KSh 35,999","data:image/gif;base64,R0lGODlhAQABAIAAAAAAAP///yH5BAEAAAAALAAAAAABAAEAAAIBRAA7",False,100 items left
Hisense REF094DR - 94 Liters Fridge - Silver  (2YRs WRTY),,,"KSh 18,299","KSh 23,000","data:image/gif;base64,R0lGODlhAQABAIAAAAAAAP///yH5BAEAAAAALAAAAAABAAEAAAIBRAA7",True,67 items left
"Starlink Standard Kit: High-Speed, Low-Latency Internet with Gen 3 Router, Wi-Fi 6",,,"KSh 39,999","KSh 69,999","data:image/gif;base64,R0lGODlhAQABAIAAAAAAAP///yH5BAEAAAAALAAAAAABAAEAAAIBRAA7",True,100 items left
Exe Exe Chapati 2Kg,,,KSh 176,KSh 185,"data:image/gif;base64,R0lGODlhAQABAIAAAAAAAP///yH5BAEAAAAALAAAAAABAAEAAAIBRAA7",True,19 items left
Stereo Inductivv Bone Conduction Earphones Wireless Earbuds Bluetooth Sports Headphones,,,KSh 319,KSh 961,"data:image/gif;base64,R0lGODlhAQABAIAAAAAAAP///yH5BAEAAAAALAAAAAABAAEAAAIBRAA7",False,73 items left
"Maybelline Lifter Gloss Hydrating Lip Gloss With Hyaluronic Acid, Topaz",,,KSh 781,"KSh 1,250","data:image/gif;base64,R0lGODlhAQABAIAAAAAAAP///yH5BAEAAAAALAAAAAABAAEAAAIBRAA7",True,100 items left
Sosoft Fabric Softener Baby - 750ml,,,KSh 243,NaN,"data:image/gif;base64,R0lGODlhAQABAIAAAAAAAP///yH5BAEAAAAALAAAAAABAAEAAAIBRAA7",True,21 items left
"Luminous Wolf Necklace, Gothic Wolf Pendant, Night Fluorescence",,,KSh 340,KSh 650,"data:image/gif;base64,R0lGODlhAQABAIAAAAAAAP///yH5BAEAAAAALAAAAAABAAEAAAIBRAA7",False,19 items left
"Hisense 58” 4K ULTRA UHD SMART FRAMELESS TV, YOU TUBE, NETFLIX-BLACK",,,"KSh 54,799","KSh 112,599","data:image/gif;base64,R0lGODlhAQABAIAAAAAAAP///yH5BAEAAAAALAAAAAABAAEAAAIBRAA7",False,7 items left
Amara Amara Shower Gel Pamper Lilac - 600ml,,,KSh 490,NaN,"data:image/gif;base64,R0lGODlhAQABAIAAAAAAAP///yH5BAEAAAAALAAAAAABAAEAAAIBRAA7",True,16 items left
Vaseline Men Fast Absorbing Lotion 200ml + FREE Petroleum Jelly,,,KSh 310,NaN,"data:image/gif;base64,R0lGODlhAQABAIAAAAAAAP///yH5BAEAAAAALAAAAAABAAEAAAIBRAA7",True,16 items left
Nice & Lovely Olive & Amla Styling Gel 295g,,,KSh 226,KSh 370,"data:image/gif;base64,R0lGODlhAQABAIAAAAAAAP///yH5BAEAAAAALAAAAAABAAEAAAIBRAA7",True,32 items left
Sunlight Sunlight Scourer Lavender 1Kg,,,KSh 115,KSh 160,"data:image/gif;base64,R0lGODlhAQABAIAAAAAAAP///yH5BAEAAAAALAAAAAABAAEAAAIBRAA7",True,5 items left
NIVEA 5 In 1 Complete Care Nourishing Cocoa Body Lotion With Cocoa Butter & Vitamin E - 400ML,,,KSh 576,KSh 640,"data:image/gif;base64,R0lGODlhAQABAIAAAAAAAP///yH5BAEAAAAALAAAAAABAAEAAAIBRAA7",True,12 items left
Danny Home 6 Pcs Red Porcelain Cup And Saucer. (Stb14-2 (2),,,KSh 999,"KSh 3,000","data:image/gif;base64,R0lGODlhAQABAIAAAAAAAP///yH5BAEAAAAALAAAAAABAAEAAAIBRAA7",True,3 items left
Hisense Top Loader Washing Machine (WTJA1402T)14kg,,,"KSh 55,389","KSh 65,999","data:image/gif;base64,R0lGODlhAQABAIAAAAAAAP///yH5BAEAAAAALAAAAAABAAEAAAIBRAA7",False,9 items left
Dettol Dettol Multi Action Cleaner Aqua 900ml,,,KSh 691,KSh 750,"data:image/gif;base64,R0lGODlhAQABAIAAAAAAAP///yH5BAEAAAAALAAAAAABAAEAAAIBRAA7",True,10 items left
"XIAOMI Redmi 14C, 6.88"" (4GB RAM+128GB Storage) (Dual Sim) 5160mAh - Midnight Black (2YRs WRTY)",,,"KSh 11,799","KSh 14,696","data:image/gif;base64,R0lGODlhAQABAIAAAAAAAP///yH5BAEAAAAALAAAAAABAAEAAAIBRAA7",True,100 items left
Adjustable Breathable Sports Cap Sunscreen Baseball Cap Boy Snapback Hat,,,KSh 516,KSh 599,"data:image/gif;base64,R0lGODlhAQABAIAAAAAAAP///yH5BAEAAAAALAAAAAABAAEAAAIBRAA7",False,45 items left
"Amtec 32R1S, 32"" Inch Smart Android Frameless LED TV With Bluetooth,  (1YR WRTY).",,,"KSh 10,330","KSh 13,451","data:image/gif;base64,R0lGODlhAQABAIAAAAAAAP///yH5BAEAAAAALAAAAAABAAEAAAIBRAA7",True,45 items left
Vaseline Dry Skin Repair Moisturizing Lotion For Very Dry Skin 400ml,,,KSh 550,NaN,"data:image/gif;base64,R0lGODlhAQABAIAAAAAAAP///yH5BAEAAAAALAAAAAABAAEAAAIBRAA7",True,14 items left
VON VART-19DHS Double Door Fridge 136L - Silver (1YR WRTY),,,"KSh 27,500","KSh 43,995","data:image/gif;base64,R0lGODlhAQABAIAAAAAAAP///yH5BAEAAAAALAAAAAABAAEAAAIBRAA7",True,100 items left
"XIAOMI Redmi A3x, 6.71"", 64GB + 3GB RAM (Dual SIM), 5000mAh, Black ",,,"KSh 8,445","KSh 10,999","data:image/gif;base64,R0lGODlhAQABAIAAAAAAAP///yH5BAEAAAAALAAAAAABAAEAAAIBRAA7",False,100 items left
AXIS - Y Dark Spot Correcting Glow Serum-50ml,,,"KSh 2,500","KSh 3,800","data:image/gif;base64,R0lGODlhAQABAIAAAAAAAP///yH5BAEAAAAALAAAAAABAAEAAAIBRAA7",True,7 items left
Jacob's Creek Jacob's Creek Classic Chardonnay - 750ml,,,"KSh 1,208","KSh 1,439","data:image/gif;base64,R0lGODlhAQABAIAAAAAAAP///yH5BAEAAAAALAAAAAABAAEAAAIBRAA7",True,77 items left
Hostess Hostess Maize Meal 2kg,,,KSh 180,KSh 195,"data:image/gif;base64,R0lGODlhAQABAIAAAAAAAP///yH5BAEAAAAALAAAAAABAAEAAAIBRAA7",True,19 items left
Rashnik Generic 3D Fantastic Blue White Roses Printed Rugs 53485,,,KSh 772,KSh 840,"data:image/gif;base64,R0lGODlhAQABAIAAAAAAAP///yH5BAEAAAAALAAAAAABAAEAAAIBRAA7",True,10 items left
Absolut Absolut Mango Flavored Vodka - 750ml,,,"KSh 2,199","KSh 2,615","data:image/gif;base64,R0lGODlhAQABAIAAAAAAAP///yH5BAEAAAAALAAAAAABAAEAAAIBRAA7",True,17 items left
"Softcare Gold Diaper High Count, Size M, 42 Count",,,KSh 748,NaN,"data:image/gif;base64,R0lGODlhAQABAIAAAAAAAP///yH5BAEAAAAALAAAAAABAAEAAAIBRAA7",True,2 items left
Ramtons RF/339-2 Door Direct Cool 138lt Silver,,,"KSh 28,499","KSh 37,000","data:image/gif;base64,R0lGODlhAQABAIAAAAAAAP///yH5BAEAAAAALAAAAAABAAEAAAIBRAA7",True,84 items left
Nice & Lovely Avocado Lotion 200ml,,,KSh 117,KSh 175,"data:image/gif;base64,R0lGODlhAQABAIAAAAAAAP///yH5BAEAAAAALAAAAAABAAEAAAIBRAA7",True,43 items left
Nice & Lovely Aloe Vera Herbal Lotion 600ml,,,KSh 334,KSh 445,"data:image/gif;base64,R0lGODlhAQABAIAAAAAAAP///yH5BAEAAAAALAAAAAABAAEAAAIBRAA7",True,24 items left
Utarudi GS80 HD Round Screen Smart Watch Fashionable Dial Health Monitor IP68 Waterproof 7-10 Day Battery,,,"KSh 2,499","KSh 4,299","data:image/gif;base64,R0lGODlhAQABAIAAAAAAAP///yH5BAEAAAAALAAAAAABAAEAAAIBRAA7",False,15 items left
Dettol Dettol Bathing Soap Original 90g,,,KSh 71,KSh 300,"data:image/gif;base64,R0lGODlhAQABAIAAAAAAAP///yH5BAEAAAAALAAAAAABAAEAAAIBRAA7",True,30 items left
Sundabest 6 Pcs Clear Glass Mug Set (11877),,,"KSh 1,023","KSh 1,170","data:image/gif;base64,R0lGODlhAQABAIAAAAAAAP///yH5BAEAAAAALAAAAAABAAEAAAIBRAA7",True,61 items left
ACE Powermax Liquid Toilet Cleaner - 500ml,,,KSh 235,KSh 273,"data:image/gif;base64,R0lGODlhAQABAIAAAAAAAP///yH5BAEAAAAALAAAAAABAAEAAAIBRAA7",True,10 items left
Jameson Jameson Irish Whiskey - 750 Ml,,,"KSh 2,930",NaN,"data:image/gif;base64,R0lGODlhAQABAIAAAAAAAP///yH5BAEAAAAALAAAAAABAAEAAAIBRAA7",True,100 items left
Harpic Harpic Toilet Cleaner: Lemon 1000ml,,,"KSh 1,006","KSh 1,150","data:image/gif;base64,R0lGODlhAQABAIAAAAAAAP///yH5BAEAAAAALAAAAAABAAEAAAIBRAA7",True,10 items left
Nice & Lovely Perfumed Petroleum Jelly 100G,,,KSh 120,KSh 240,"data:image/gif;base64,R0lGODlhAQABAIAAAAAAAP///yH5BAEAAAAALAAAAAABAAEAAAIBRAA7",True,28 items left
"Samsung A05, 6.7"", 4GB RAM + 64GB, 5000mAh, Black  (1YR WRTY)",,,"KSh 9,899","KSh 12,516","data:image/gif;base64,R0lGODlhAQABAIAAAAAAAP///yH5BAEAAAAALAAAAAABAAEAAAIBRAA7",True,24 items left
"Itel S24, 6.6'', 128GB + 4GB (Extended UPTO 8GB) RAM, 5000mAh, Starry Black (1YR WRTY)",,,"KSh 8,799","KSh 14,000","data:image/gif;base64,R0lGODlhAQABAIAAAAAAAP///yH5BAEAAAAALAAAAAABAAEAAAIBRAA7",True,100 items left
Aptamil Aptamil Baby Formula 400gms (No. 2),,,"KSh 1,083","KSh 2,165","data:image/gif;base64,R0lGODlhAQABAIAAAAAAAP///yH5BAEAAAAALAAAAAABAAEAAAIBRAA7",True,16 items left
Dove Beauty Bar Fresh Touch 90G,,,KSh 135,KSh 250,"data:image/gif;base64,R0lGODlhAQABAIAAAAAAAP///yH5BAEAAAAALAAAAAABAAEAAAIBRAA7",False,42 items left
Omo Fast Action Hand Washing Powder 1 Kg,,,KSh 362,KSh 400,"data:image/gif;base64,R0lGODlhAQABAIAAAAAAAP///yH5BAEAAAAALAAAAAABAAEAAAIBRAA7",True,9 items left
Rashnik Bath Mat Non-slip Quick Dry Polyester Granite Surface Show -dark Grey  53482,,,KSh 518,KSh 564,"data:image/gif;base64,R0lGODlhAQABAIAAAAAAAP///yH5BAEAAAAALAAAAAABAAEAAAIBRAA7",True,16 items left
Artistic Sense Press On Nails Wearable Fake Nails 24 Sizes In 1 Reusable Pink Fire,,,KSh 245,KSh 684,"data:image/gif;base64,R0lGODlhAQABAIAAAAAAAP///yH5BAEAAAAALAAAAAABAAEAAAIBRAA7",False,14 items left
"Vitron VDR128DS, 125 Liters Double Door Fridge - Silver Hairline (1YR WRTY)",,,"KSh 27,528","KSh 33,034","data:image/gif;base64,R0lGODlhAQABAIAAAAAAAP///yH5BAEAAAAALAAAAAABAAEAAAIBRAA7",True,9 items left
"Itel P55 6.6"", 128GB + 6GB, (Dual SIM), 5G, 5000mAh - Galaxy Blue (1YR WRTY)",,,"KSh 12,090","KSh 14,839","data:image/gif;base64,R0lGODlhAQABAIAAAAAAAP///yH5BAEAAAAALAAAAAABAAEAAAIBRAA7",True,79 items left
Nice & Lovely Aloevera Herbal Lotion 100ml,,,KSh 81,KSh 130,"data:image/gif;base64,R0lGODlhAQABAIAAAAAAAP///yH5BAEAAAAALAAAAAABAAEAAAIBRAA7",True,68 items left
Kabras Kabras Premium White Sugar - 2kg,,,KSh 299,KSh 308,"data:image/gif;base64,R0lGODlhAQABAIAAAAAAAP///yH5BAEAAAAALAAAAAABAAEAAAIBRAA7",True,100 items left
Sundabest 6 PCS White Square Decorated Ceramic Dinner Plates (11994),,,"KSh 1,180","KSh 1,200","data:image/gif;base64,R0lGODlhAQABAIAAAAAAAP///yH5BAEAAAAALAAAAAABAAEAAAIBRAA7",True,60 items left
Gold Touch Oily Skin - 50g,,,KSh 116,KSh 270,"data:image/gif;base64,R0lGODlhAQABAIAAAAAAAP///yH5BAEAAAAALAAAAAABAAEAAAIBRAA7",True,44 items left
Rashnik Bath Mat Non-slip Quick Dry Polyester Granite Surface Show -dark Grey  53482,,,KSh 518,KSh 564,"data:image/gif;base64,R0lGODlhAQABAIAAAAAAAP///yH5BAEAAAAALAAAAAABAAEAAAIBRAA7",True,16 items left
"VON VAMS-20MGX - Manual Microwave Oven, Solo - 20L-Black(1YR WRTY)",,,"KSh 6,999","KSh 11,995","data:image/gif;base64,R0lGODlhAQABAIAAAAAAAP///yH5BAEAAAAALAAAAAABAAEAAAIBRAA7",True,100 items left
VERSMAN Sporty Lotion - 400ml,,,KSh 364,KSh 520,"data:image/gif;base64,R0lGODlhAQABAIAAAAAAAP///yH5BAEAAAAALAAAAAABAAEAAAIBRAA7",True,19 items left
Sundabest 6PCs Beer Glass Cups (5112),,,KSh 342,KSh 956,"data:image/gif;base64,R0lGODlhAQABAIAAAAAAAP///yH5BAEAAAAALAAAAAABAAEAAAIBRAA7",True,64 items left
"Infinix Hot 50 Pro+, 6.78"", 128GB + 8GB RAM (Dual Sim), 5000mAh, Dreamy Purple",,,"KSh 20,999","KSh 26,977","data:image/gif;base64,R0lGODlhAQABAIAAAAAAAP///yH5BAEAAAAALAAAAAABAAEAAAIBRAA7",True,20 items left
Amara Amara Coconut Lotion - 600ml,,,KSh 350,NaN,"data:image/gif;base64,R0lGODlhAQABAIAAAAAAAP///yH5BAEAAAAALAAAAAABAAEAAAIBRAA7",True,11 items left
Dettol Original Wipes 10s,,,KSh 155,KSh 170,"data:image/gif;base64,R0lGODlhAQABAIAAAAAAAP///yH5BAEAAAAALAAAAAABAAEAAAIBRAA7",False,10 items left
"Itel A80, 6.7"", 3GB RAM + 128GB (Dual SIM), 5000mAh, Blue (1 YR WRTY)",,,"KSh 9,599","KSh 11,200","data:image/gif;base64,R0lGODlhAQABAIAAAAAAAP///yH5BAEAAAAALAAAAAABAAEAAAIBRAA7",True,91 items left
"Vision Plus 32"" Digital HD Frameless TV, DVBT2/S2 - Black (2YRS WRTY)",,,"KSh 9,699","KSh 15,995","data:image/gif;base64,R0lGODlhAQABAIAAAAAAAP///yH5BAEAAAAALAAAAAABAAEAAAIBRAA7",True,99 items left
Durex Play Feel - 50ml,,,KSh 619,"KSh 1,550","data:image/gif;base64,R0lGODlhAQABAIAAAAAAAP///yH5BAEAAAAALAAAAAABAAEAAAIBRAA7",True,68 items left
Sundabest Classy High Quality Dinner Plates 6 Pcs (5977),,,KSh 623,"KSh 1,036","data:image/gif;base64,R0lGODlhAQABAIAAAAAAAP///yH5BAEAAAAALAAAAAABAAEAAAIBRAA7",True,100 items left
"Itel A50, 6.6'', 64GB + 2GB RAM (Dual SIM), 4G, 5000mAh, Black",,,"KSh 8,199","KSh 9,000","data:image/gif;base64,R0lGODlhAQABAIAAAAAAAP///yH5BAEAAAAALAAAAAABAAEAAAIBRAA7",True,100 items left
NIVEA Perfect & Radiant Even-tone Skin Care Pack,,,"KSh 2,295","KSh 2,700","data:image/gif;base64,R0lGODlhAQABAIAAAAAAAP///yH5BAEAAAAALAAAAAABAAEAAAIBRAA7",True,14 items left
William Lawson's William Lawsons Scotch Whisky - 1 Litre,,,"KSh 2,349","KSh 2,650","data:image/gif;base64,R0lGODlhAQABAIAAAAAAAP///yH5BAEAAAAALAAAAAABAAEAAAIBRAA7",True,71 items left
Sunlight 2 In 1 Hand Washing Powder Spring 3.5kg,,,"KSh 1,133","KSh 1,200","data:image/gif;base64,R0lGODlhAQABAIAAAAAAAP///yH5BAEAAAAALAAAAAABAAEAAAIBRAA7",True,100 items left
Campo Viejo Campo Viejo Reserva Red Wine - 750 ML,,,"KSh 1,948","KSh 2,319","data:image/gif;base64,R0lGODlhAQABAIAAAAAAAP///yH5BAEAAAAALAAAAAABAAEAAAIBRAA7",True,12 items left
"Patron Anejo Premium Tequila, 40% ABV, 750ml",,,"KSh 7,830","KSh 12,235","data:image/gif;base64,R0lGODlhAQABAIAAAAAAAP///yH5BAEAAAAALAAAAAABAAEAAAIBRAA7",True,3 items left
"Itel A80, 6.7"", 3GB RAM + 128GB (Dual SIM), 5000mAh, Black (1 YR WRTY)",,,"KSh 9,599","KSh 11,200","data:image/gif;base64,R0lGODlhAQABAIAAAAAAAP///yH5BAEAAAAALAAAAAABAAEAAAIBRAA7",True,99 items left
"Amtec Am 32M8, 32"", Digital LED TV DVBt2 HD AC/DC (1YR WRTY)",,,"KSh 9,569","KSh 15,000","data:image/gif;base64,R0lGODlhAQABAIAAAAAAAP///yH5BAEAAAAALAAAAAABAAEAAAIBRAA7",True,20 items left
Amara Amara Shower Gel Absolute Men - 600ml,,,KSh 490,NaN,"data:image/gif;base64,R0lGODlhAQABAIAAAAAAAP///yH5BAEAAAAALAAAAAABAAEAAAIBRAA7",True,12 items left
"Dettol Antibacterial Soap Cool, 175g",,,KSh 300,NaN,"data:image/gif;base64,R0lGODlhAQABAIAAAAAAAP///yH5BAEAAAAALAAAAAABAAEAAAIBRAA7",True,48 items left
Nice & Lovely Speed 360ml lotion,,,KSh 221,KSh 295,"data:image/gif;base64,R0lGODlhAQABAIAAAAAAAP///yH5BAEAAAAALAAAAAABAAEAAAIBRAA7",True,12 items left
Clear Cellotape,,,"KSh 15,000",NaN,"data:image/gif;base64,R0lGODlhAQABAIAAAAAAAP///yH5BAEAAAAALAAAAAABAAEAAAIBRAA7",False,100 items left
Huggies Huggies Pants Size 5 - Pack of 28,,,KSh 561,"KSh 2,199","data:image/gif;base64,R0lGODlhAQABAIAAAAAAAP///yH5BAEAAAAALAAAAAABAAEAAAIBRAA7",True,100 items left
Amara Amara Shower Gel Original Men - 400ml,,,KSh 390,NaN,"data:image/gif;base64,R0lGODlhAQABAIAAAAAAAP///yH5BAEAAAAALAAAAAABAAEAAAIBRAA7",True,12 items left
Nice & Lovely Aloe Vera Glycerine 100ml,,,KSh 195,NaN,"data:image/gif;base64,R0lGODlhAQABAIAAAAAAAP///yH5BAEAAAAALAAAAAABAAEAAAIBRAA7",True,47 items left
Dove Dove Baby Rich Moisture Hb Lot Bot EU L21 – 200ml,,,KSh 754,KSh 755,"data:image/gif;base64,R0lGODlhAQABAIAAAAAAAP///yH5BAEAAAAALAAAAAABAAEAAAIBRAA7",True,12 items left
Axe Mens Deodorant Ice Chill 150ml,,,KSh 900,NaN,"data:image/gif;base64,R0lGODlhAQABAIAAAAAAAP///yH5BAEAAAAALAAAAAABAAEAAAIBRAA7",True,48 items left
Vaseline MEN Fast Absorbing Lotion 400ml + FREE 100ml Petroleum Jelly,,,KSh 560,NaN,"data:image/gif;base64,R0lGODlhAQABAIAAAAAAAP///yH5BAEAAAAALAAAAAABAAEAAAIBRAA7",True,23 items left
Jumia Branded Security Seal – Masterbag,,,"KSh 15,000",NaN,"data:image/gif;base64,R0lGODlhAQABAIAAAAAAAP///yH5BAEAAAAALAAAAAABAAEAAAIBRAA7",False,74 items left
Ariel Ariel Machine Powder - 3kg,,,"KSh 1,899","KSh 1,999","data:image/gif;base64,R0lGODlhAQABAIAAAAAAAP///yH5BAEAAAAALAAAAAABAAEAAAIBRAA7",True,60 items left
Kenyan Originals Kenyan Orginals 58 Gin Classic 750ml,,,"KSh 1,699","KSh 1,800","data:image/gif;base64,R0lGODlhAQABAIAAAAAAAP///yH5BAEAAAAALAAAAAABAAEAAAIBRAA7",True,12 items left
Nunix Free Standing Dispenser Hot & Normal – K7N,,,"KSh 3,410","KSh 4,025","data:image/gif;base64,R0lGODlhAQABAIAAAAAAAP///yH5BAEAAAAALAAAAAABAAEAAAIBRAA7",True,21 items left
